id,title,series,type,target_length,vo_words,estimated_length,file
"MKT-01","MKT-01 · More than photos","Meet Frameleaf","Marketing","1:15","168","1:13","episodes/MKT-01-more-than-photos.md"
"MKT-02","MKT-02 · Your photos, your server","Meet Frameleaf","Marketing","1:10","162","1:11","episodes/MKT-02-your-photos-your-server.md"
"MKT-03","MKT-03 · Find anything","Meet Frameleaf","Marketing","1:10","157","1:09","episodes/MKT-03-find-anything.md"
"MKT-04","MKT-04 · AI that knows your family","Meet Frameleaf","Marketing","1:15","170","1:14","episodes/MKT-04-ai-that-knows-your-family.md"
"MKT-05","MKT-05 · Locked, by you","Meet Frameleaf","Marketing","1:00","133","0:59","episodes/MKT-05-locked-by-you.md"
"MKT-06","MKT-06 · Never lose a photo","Meet Frameleaf","Marketing","1:15","176","1:16","episodes/MKT-06-never-lose-a-photo.md"
"MKT-07","MKT-07 · Bring everything together","Meet Frameleaf","Marketing","1:15","171","1:14","episodes/MKT-07-bring-everything-together.md"
"MKT-08","MKT-08 · One library for the whole family","Meet Frameleaf","Marketing","1:15","169","1:14","episodes/MKT-08-one-library-for-the-whole-family.md"
"MKT-09","MKT-09 · Edit without fear","Meet Frameleaf","Marketing","1:10","158","1:09","episodes/MKT-09-edit-without-fear.md"
"MKT-10","MKT-10 · Studio","Meet Frameleaf","Marketing","1:15","165","1:12","episodes/MKT-10-studio.md"
"MKT-11","MKT-11 · Frameleaf Cloud, when you want it","Meet Frameleaf","Marketing","1:20","185","1:20","episodes/MKT-11-frameleaf-cloud-when-you-want-it.md"
"START-01","START-01 · What you need","Start here","Learn","2:00","277","1:57","episodes/START-01-what-you-need.md"
"START-02","START-02 · Install with Docker Compose","Start here","How-to","2:45","302","2:07","episodes/START-02-install-with-docker-compose.md"
"START-03","START-03 · Set up Frameleaf: your first run","Start here","How-to","2:45","357","2:29","episodes/START-03-set-up-frameleaf-your-first-run.md"
"START-04","START-04 · A tour of the Frameleaf interface","Start here","Learn","2:45","346","2:24","episodes/START-04-a-tour-of-the-frameleaf-interface.md"
"START-05","START-05 · Upload from your browser","Start here","How-to","2:00","245","1:44","episodes/START-05-upload-from-your-browser.md"
"START-06","START-06 · Get the mobile app and sign in","Start here","How-to","2:15","275","1:56","episodes/START-06-get-the-mobile-app-and-sign-in.md"
"START-07","START-07 · Your first mobile backup","Start here","How-to","2:00","238","1:41","episodes/START-07-your-first-mobile-backup.md"
"START-08","START-08 · Already running Immich? Move to Frameleaf","Start here","How-to","2:45","359","2:30","episodes/START-08-already-running-immich-move-to-frameleaf.md"
"LIB-01","LIB-01 · Timeline, layouts and the grid","Your library","How-to","2:30","335","2:20","episodes/LIB-01-timeline-layouts-grid.md"
"LIB-02","LIB-02 · The viewer and the information card","Your library","How-to","2:45","384","2:40","episodes/LIB-02-viewer-information-card.md"
"LIB-03","LIB-03 · Favorites, archive, recently added and trash","Your library","How-to","2:15","322","2:15","episodes/LIB-03-favorites-archive-recently-added-trash.md"
"LIB-04","LIB-04 · Albums and collections","Your library","How-to","2:45","383","2:39","episodes/LIB-04-albums-and-collections.md"
"LIB-05","LIB-05 · Shared spaces","Your library","How-to","2:30","360","2:30","episodes/LIB-05-shared-spaces.md"
"LIB-06","LIB-06 · Shared links and the public viewer","Your library","How-to","2:30","342","2:23","episodes/LIB-06-shared-links-public-viewer.md"
"LIB-07","LIB-07 · Partner libraries","Your library","How-to","2:15","311","2:10","episodes/LIB-07-partner-libraries.md"
"LIB-08","LIB-08 · The search palette","Your library","How-to","2:45","356","2:28","episodes/LIB-08-the-search-palette.md"
"LIB-09","LIB-09 · Filters, bulk actions and Compare","Your library","How-to","2:30","332","2:19","episodes/LIB-09-filters-bulk-actions-and-compare.md"
"LIB-10","LIB-10 · People","Your library","How-to","2:45","360","2:30","episodes/LIB-10-people.md"
"LIB-11","LIB-11 · Pets","Your library","How-to","2:15","290","2:02","episodes/LIB-11-pets.md"
"LIB-12","LIB-12 · Map and Places","Your library","How-to","2:15","294","2:04","episodes/LIB-12-map-and-places.md"
"LIB-13","LIB-13 · Tags and Folders","Your library","How-to","2:30","351","2:26","episodes/LIB-13-tags-and-folders.md"
"LIB-14","LIB-14 · Memories and slideshows","Your library","How-to","2:30","325","2:16","episodes/LIB-14-memories-and-slideshows.md"
"LIB-15","LIB-15 · Your account and preferences","Your library","How-to","2:30","334","2:20","episodes/LIB-15-your-account-and-preferences.md"
"AI-01","AI-01 · How Frameleaf's AI works","Frameleaf AI","Learn","2:45","302","2:07","episodes/AI-01-how-frameleaf-ai-works.md"
"AI-02","AI-02 · Turn on descriptions and tags","Frameleaf AI","How-to","2:45","291","2:02","episodes/AI-02-turn-on-descriptions-and-tags.md"
"AI-03","AI-03 · Try an enrichment change before you commit","Frameleaf AI","How-to","2:30","272","1:55","episodes/AI-03-try-an-enrichment-change-before-you-commit.md"
"AI-04","AI-04 · Tuning the description prompt","Frameleaf AI","How-to","2:45","307","2:09","episodes/AI-04-tuning-the-description-prompt.md"
"AI-05","AI-05 · Custom instructions","Frameleaf AI","How-to","2:30","281","1:58","episodes/AI-05-custom-instructions.md"
"AI-06","AI-06 · Descriptions that name people","Frameleaf AI","Learn","2:30","308","2:09","episodes/AI-06-descriptions-that-name-people.md"
"AI-07","AI-07 · Video moments and video descriptions","Frameleaf AI","How-to","2:45","368","2:33","episodes/AI-07-video-moments-and-video-descriptions.md"
"AI-08","AI-08 · Status and re-generation","Frameleaf AI","How-to","2:15","296","2:04","episodes/AI-08-status-and-re-generation.md"
"AI-09","AI-09 · Smart albums","Frameleaf AI","How-to","2:45","343","2:23","episodes/AI-09-smart-albums.md"
"AI-10","AI-10 · Best photos","Frameleaf AI","How-to","2:00","244","1:44","episodes/AI-10-best-photos.md"
"AI-11","AI-11 · Ask about your photos","Frameleaf AI","How-to","2:15","272","1:55","episodes/AI-11-ask-about-your-photos.md"
"AI-12","AI-12 · Documents and text in photos","Frameleaf AI","How-to","2:30","300","2:06","episodes/AI-12-documents-and-text-in-photos.md"
"PRIV-01","PRIV-01 · Privacy by design","Private by design","Learn","2:30","323","2:15","episodes/PRIV-01-privacy-by-design.md"
"PRIV-02","PRIV-02 · Locked: Mark Sensitive and your PIN","Private by design","How-to","2:45","336","2:20","episodes/PRIV-02-locked-mark-sensitive-and-your-pin.md"
"PRIV-03","PRIV-03 · Detect sensitive content automatically","Private by design","How-to","2:45","326","2:16","episodes/PRIV-03-detect-sensitive-content-automatically.md"
"PRIV-04","PRIV-04 · Locked tags, people and pets","Private by design","How-to","2:15","274","1:56","episodes/PRIV-04-locked-tags-people-and-pets.md"
"PRIV-05","PRIV-05 · Location privacy when you share","Private by design","How-to","2:15","268","1:53","episodes/PRIV-05-location-privacy-when-you-share.md"
"CARE-01","CARE-01 · Library Care overview","Library Care","Learn","2:45","348","2:25","episodes/CARE-01-library-care-overview.md"
"CARE-02","CARE-02 · Duplicate review","Library Care","How-to","2:45","348","2:25","episodes/CARE-02-duplicate-review.md"
"CARE-03","CARE-03 · Missing originals: locate and relink","Library Care","How-to","2:45","337","2:21","episodes/CARE-03-missing-originals-locate-and-relink.md"
"CARE-04","CARE-04 · Damaged media and RAW","Library Care","How-to","2:45","319","2:14","episodes/CARE-04-damaged-media-and-raw.md"
"CARE-05","CARE-05 · Live Photo pairing","Library Care","How-to","2:00","245","1:44","episodes/CARE-05-live-photo-pairing.md"
"CARE-06","CARE-06 · Large files and the location editor","Library Care","How-to","2:15","269","1:54","episodes/CARE-06-large-files-and-the-location-editor.md"
"CARE-07","CARE-07 · Physical deduplication for family libraries","Library Care","How-to","2:45","326","2:16","episodes/CARE-07-physical-deduplication-for-family-libraries.md"
"CARE-08","CARE-08 · iCloud Photos: import your library","Library Care","How-to","2:45","340","2:22","episodes/CARE-08-icloud-photos-import-your-library.md"
"CARE-09","CARE-09 · iCloud Photos: recovery, stacks and setup","Library Care","Learn","2:45","343","2:23","episodes/CARE-09-icloud-photos-recovery-stacks-and-setup.md"
"CARE-10","CARE-10 · Import Google Photos","Library Care","How-to","2:45","305","2:08","episodes/CARE-10-import-google-photos.md"
"CARE-11","CARE-11 · Preservation packages","Library Care","How-to","2:45","321","2:14","episodes/CARE-11-preservation-packages.md"
"EDIT-01","EDIT-01 · Photo quick editor: Adjust","Editing and Studio","How-to","2:45","325","2:16","episodes/EDIT-01-photo-quick-editor-adjust.md"
"EDIT-02","EDIT-02 · Crop, straighten, social formats and masks","Editing and Studio","How-to","2:30","320","2:14","episodes/EDIT-02-crop-straighten-social-formats-and-masks.md"
"EDIT-03","EDIT-03 · Looks, presets and versions","Editing and Studio","How-to","2:45","360","2:30","episodes/EDIT-03-looks-presets-and-versions.md"
"EDIT-04","EDIT-04 · Video quick editor","Editing and Studio","How-to","2:45","359","2:30","episodes/EDIT-04-video-quick-editor.md"
"EDIT-05","EDIT-05 · Restoration: Faithful and Creative","Editing and Studio","How-to","2:30","333","2:19","episodes/EDIT-05-restoration-faithful-and-creative.md"
"EDIT-06","EDIT-06 · Studio: projects and the editor","Editing and Studio","How-to","2:45","334","2:20","episodes/EDIT-06-studio-projects-and-the-editor.md"
"EDIT-07","EDIT-07 · Studio: review, history, export and bundles","Editing and Studio","How-to","2:45","338","2:21","episodes/EDIT-07-studio-review-history-export-and-bundles.md"
"MOBILE-01","MOBILE-01 · Backup settings","On your phone","How-to","2:30","325","2:16","episodes/MOBILE-01-backup-settings.md"
"MOBILE-02","MOBILE-02 · Background backup on iOS and Android","On your phone","Learn","2:30","319","2:14","episodes/MOBILE-02-background-backup-on-ios-and-android.md"
"MOBILE-03","MOBILE-03 · Album sync","On your phone","How-to","2:00","246","1:44","episodes/MOBILE-03-album-sync.md"
"MOBILE-04","MOBILE-04 · Sync only selected photos","On your phone","How-to","1:45","216","1:32","episodes/MOBILE-04-sync-only-selected-photos.md"
"MOBILE-05","MOBILE-05 · Free Up Space","On your phone","How-to","2:30","327","2:17","episodes/MOBILE-05-free-up-space.md"
"MOBILE-06","MOBILE-06 · Read-only mode and marking sensitive on the phone","On your phone","How-to","2:00","249","1:46","episodes/MOBILE-06-read-only-mode-and-marking-sensitive-on-the-phone.md"
"OPS-01","OPS-01 · The settings Command Center","Running Frameleaf","Learn","2:45","371","2:34","episodes/OPS-01-the-settings-command-center.md"
"OPS-02","OPS-02 · Overview and Library analytics","Running Frameleaf","How-to","2:30","330","2:18","episodes/OPS-02-overview-and-library-analytics.md"
"OPS-03","OPS-03 · How processing works: queues and Activity","Running Frameleaf","Learn","2:45","361","2:30","episodes/OPS-03-how-processing-works-queues-and-activity.md"
"OPS-04","OPS-04 · Compute & jobs: workers, endpoints and the GPU check","Running Frameleaf","How-to","2:45","356","2:28","episodes/OPS-04-compute-jobs-workers-endpoints-and-the-gpu-check.md"
"OPS-05","OPS-05 · Hardware acceleration for processing","Running Frameleaf","How-to","2:45","363","2:31","episodes/OPS-05-hardware-acceleration-for-processing.md"
"OPS-06","OPS-06 · A second computer on your home network","Running Frameleaf","How-to","2:45","349","2:26","episodes/OPS-06-a-second-computer-on-your-home-network.md"
"OPS-07","OPS-07 · Video transcoding and hardware transcoding","Running Frameleaf","How-to","2:45","356","2:28","episodes/OPS-07-video-transcoding-and-hardware-transcoding.md"
"OPS-08","OPS-08 · Storage & originals: the storage template","Running Frameleaf","How-to","2:45","345","2:24","episodes/OPS-08-storage-originals-the-storage-template.md"
"OPS-09","OPS-09 · External libraries","Running Frameleaf","How-to","2:45","361","2:30","episodes/OPS-09-external-libraries.md"
"OPS-10","OPS-10 · Backups: database dumps and your media","Running Frameleaf","Learn","2:45","352","2:27","episodes/OPS-10-backups-database-dumps-and-your-media.md"
"OPS-11","OPS-11 · Restore and Maintenance","Running Frameleaf","How-to","2:45","359","2:30","episodes/OPS-11-restore-and-maintenance.md"
"OPS-12","OPS-12 · Users, quotas and accounts","Running Frameleaf","How-to","2:45","345","2:24","episodes/OPS-12-users-quotas-and-accounts.md"
"OPS-13","OPS-13 · Access & security: single sign-on","Running Frameleaf","How-to","2:45","338","2:21","episodes/OPS-13-access-security-single-sign-on.md"
"OPS-14","OPS-14 · Email notifications","Running Frameleaf","How-to","2:15","290","2:02","episodes/OPS-14-email-notifications.md"
"OPS-15","OPS-15 · Server & updates: upgrading Frameleaf","Running Frameleaf","How-to","2:30","300","2:06","episodes/OPS-15-server-updates-upgrading-frameleaf.md"
"OPS-16","OPS-16 · Environment variables and the config file","Running Frameleaf","Learn","2:45","328","2:17","episodes/OPS-16-environment-variables-and-the-config-file.md"
"OPS-17","OPS-17 · Remote access: your options","Running Frameleaf","Learn","2:45","333","2:19","episodes/OPS-17-remote-access-your-options.md"
"OPS-18","OPS-18 · Reverse proxy setup","Running Frameleaf","How-to","2:45","325","2:16","episodes/OPS-18-reverse-proxy-setup.md"
"OPS-19","OPS-19 · Scaling across machines","Running Frameleaf","Learn","2:30","293","2:03","episodes/OPS-19-scaling-across-machines.md"
"OPS-20","OPS-20 · Server migration","Running Frameleaf","How-to","2:45","348","2:25","episodes/OPS-20-server-migration.md"
"OPS-21","OPS-21 · Running the official Immich image and coming back","Running Frameleaf","Learn","2:45","354","2:28","episodes/OPS-21-running-the-official-immich-image-and-coming-back.md"
"OPS-22","OPS-22 · Bulk upload with the CLI and API keys","Running Frameleaf","How-to","2:30","290","2:02","episodes/OPS-22-bulk-upload-with-the-cli-and-api-keys.md"
"OPS-23","OPS-23 · Installing on Unraid, Synology, TrueNAS and Portainer","Running Frameleaf","Learn","2:45","327","2:17","episodes/OPS-23-installing-on-unraid-synology-truenas-and-portainer.md"
"OPS-24","OPS-24 · Logs and troubleshooting","Running Frameleaf","How-to","2:30","300","2:06","episodes/OPS-24-logs-and-troubleshooting.md"
"CLOUD-01","CLOUD-01 · What Frameleaf Cloud is","Frameleaf Cloud","Learn","2:30","294","2:04","episodes/CLOUD-01-what-frameleaf-cloud-is.md"
"CLOUD-02","CLOUD-02 · Link your server to a Frameleaf account","Frameleaf Cloud","How-to","2:45","324","2:16","episodes/CLOUD-02-link-your-server.md"
"CLOUD-03","CLOUD-03 · Sign in with Frameleaf","Frameleaf Cloud","How-to","2:30","295","2:04","episodes/CLOUD-03-sign-in-with-frameleaf.md"
"CLOUD-04","CLOUD-04 · Plans, supporter keys and Support Frameleaf","Frameleaf Cloud","How-to","2:45","343","2:23","episodes/CLOUD-04-plans-supporter-keys-and-support-frameleaf.md"
"CLOUD-05","CLOUD-05 · Cloud processing: turn it on","Frameleaf Cloud","How-to","2:45","353","2:27","episodes/CLOUD-05-cloud-processing-turn-it-on.md"
"CLOUD-06","CLOUD-06 · Models, estimates and the AI Wallet","Frameleaf Cloud","How-to","2:45","326","2:16","episodes/CLOUD-06-models-estimates-and-the-ai-wallet.md"
"CLOUD-07","CLOUD-07 · Running a cloud job","Frameleaf Cloud","Learn","2:45","337","2:21","episodes/CLOUD-07-running-a-cloud-job.md"
"CLOUD-08","CLOUD-08 · Cloud backup and restore","Frameleaf Cloud","How-to","2:45","352","2:27","episodes/CLOUD-08-cloud-backup-and-restore.md"
"CLOUD-09","CLOUD-09 · Remote access through Frameleaf Cloud","Frameleaf Cloud","Learn","2:45","337","2:21","episodes/CLOUD-09-remote-access-through-frameleaf-cloud.md"
"CLOUD-10","CLOUD-10 · Your Frameleaf account site","Frameleaf Cloud","How-to","2:45","304","2:08","episodes/CLOUD-10-your-frameleaf-account-site.md"
